{
    "dlat": {
        "mean": 0.2681622911694511,
        "std": 0.3877212988083926
    },
    "dlon": {
        "mean": -0.3769928400954654,
        "std": 0.5892344664017056
    },
    "dlat_prev": {
        "mean": 0.24782816229116947,
        "std": 0.36265998224412743
    },
    "dlon_prev": {
        "mean": -0.36338902147971364,
        "std": 0.5584986089955796
    }
}