{
    "dlat": {
        "mean": 0.26860391661402405,
        "std": 0.4052200590328073
    },
    "dlon": {
        "mean": -0.36790903348073284,
        "std": 0.5896118089661426
    }
}